Job Number,Link
,
,
,
,
,
,
,
,
,
,
,
,
,
,
,
,
,
,
,
,
,
,
,
,
,
,
,
,
,
,
,
,
,
,
,
,
,
,
,
,
,
,
,
,
,
,
,
,
,
,
,
,
,
,
,
,
,
,
1,https://www.careers24.com/jobs/adverts/2030493-web-developer-cape-town/
,
2,https://www.careers24.com/jobs/adverts/2030009-mid-level-web-developer-johannesburg/
,
3,https://www.careers24.com/jobs/adverts/2029596-web-software-developer-pretoria/
,
4,https://www.careers24.com/jobs/adverts/2026816-front-end-web-developer-cape-town/
,
5,https://www.careers24.com/jobs/adverts/2026817-front-end-web-developer-cape-town-northern-suburbs/
,
6,https://www.careers24.com/jobs/adverts/2026815-front-end-web-developer-cape-town-southern-suburbs/
,
7,https://www.careers24.com/jobs/adverts/2028826-web-javascript-developer-pretoria/
,
8,https://www.careers24.com/jobs/adverts/2025393-php-angular-developer-durban/
,
9,https://www.careers24.com/jobs/adverts/2028814-javascript-developer-pretoria/
,
10,https://www.careers24.com/jobs/adverts/2026128-senior-front-end-web-developer-johannesburg/
,
,
,
,
,
,
,
,
,
,
,
,
,
,
,
,
,
,
